min,max,range,median,mean,std_dev,skewness,kurtosis,vlf_power,lf_power,hf_power,total_power,lf_hf_ratio,lfnu,hfnu,Permutation_Entropy
-1.655,2.44,4.095,-0.03,0.0005639279675346636,0.2444640594504541,2.974005091642119,19.107954706279248,41527857.431116655,279349067.8277256,714300357.4002516,1035177282.6590939,0.3910806776639969,26.985625796400058,69.00270797726597,0.9507161173342007
